<?xml version="1.0" encoding="ISO-8859-15"?>
<uc-export clientvers="11.2.0+build.7957">
<DOCU name="PCK.AUTOMIC_CVS.PUB.DOC">
<HEADER state="1">
<Title/>
<ArchiveKey1/>
<ArchiveKey2/>
<OH_SubType/>
</HEADER>
<DOCU_Docu state="1" type="text">
<DOC><![CDATA[Contains actions for executing CVS commands.
Supported connection methods: pserver

=Setup=

* Ensure that CVS CLI (3rd-party) is installed and accessible as 'cvs'.

=Rollback=

The CVS actions do not support rollbacks yet.]]></DOC>
</DOCU_Docu>
</DOCU>
</uc-export>